ID;RFID;Descripción;Código Error;Tiempo KO (min);Información;Solución;Autogestión;Revisado;Fecha
81501265;4210747D;Charger without communication;Connection Error;0;El cargador no inició la conexión por websocket;Vuelva a comprobarlo en 15 minutos;;;12-03-2025, 01:21
79991383;B46415CD;Charger without communication;Connection Error;0;El cargador no inició la conexión por websocket;Vuelva a comprobarlo en 15 minutos;;;23-02-2025, 11:02
77305423;11D843BE;Charger without communication;Connection Error;0;El cargador no inició la conexión por websocket;Vuelva a comprobarlo en 15 minutos;;;04-02-2025, 09:02
77304116;11D843BE;Charger without communication;Connection Error;0;El cargador no inició la conexión por websocket;Vuelva a comprobarlo en 15 minutos;;;04-02-2025, 08:51
77302757;9D45BEFB;Charger without communication;Connection Error;0;El cargador no inició la conexión por websocket;Vuelva a comprobarlo en 15 minutos;;;04-02-2025, 08:37
77149382;7B0734A0;Charger without communication;Connection Error;0;El cargador no inició la conexión por websocket;Vuelva a comprobarlo en 15 minutos;;;03-02-2025, 05:50
77148043;7B0734A0;Charger without communication;Connection Error;0;El cargador no inició la conexión por websocket;Vuelva a comprobarlo en 15 minutos;;;03-02-2025, 05:37
77146634;7B0734A0;Charger without communication;Connection Error;0;El cargador no inició la conexión por websocket;Vuelva a comprobarlo en 15 minutos;;;03-02-2025, 05:21
77145248;7B0734A0;Charger without communication;Connection Error;0;El cargador no inició la conexión por websocket;Vuelva a comprobarlo en 15 minutos;;;03-02-2025, 05:07
77143764;7B0734A0;Charger without communication;Connection Error;0;El cargador no inició la conexión por websocket;Vuelva a comprobarlo en 15 minutos;;;03-02-2025, 04:50
77142270;7B0734A0;Charger without communication;Connection Error;0;El cargador no inició la conexión por websocket;Vuelva a comprobarlo en 15 minutos;;;03-02-2025, 04:35
77140863;7B0734A0;Charger without communication;Connection Error;0;El cargador no inició la conexión por websocket;Vuelva a comprobarlo en 15 minutos;;;03-02-2025, 04:19
77139510;7B0734A0;Charger without communication;Connection Error;0;El cargador no inició la conexión por websocket;Vuelva a comprobarlo en 15 minutos;;;03-02-2025, 04:07
77138044;7B0734A0;Charger without communication;Connection Error;0;El cargador no inició la conexión por websocket;Vuelva a comprobarlo en 15 minutos;;;03-02-2025, 03:49
77136703;7B0734A0;Charger without communication;Connection Error;0;El cargador no inició la conexión por websocket;Vuelva a comprobarlo en 15 minutos;;;03-02-2025, 03:36
77135289;7B0734A0;Charger without communication;Connection Error;0;El cargador no inició la conexión por websocket;Vuelva a comprobarlo en 15 minutos;;;03-02-2025, 03:20
77133741;7B0734A0;Charger without communication;Connection Error;0;El cargador no inició la conexión por websocket;Vuelva a comprobarlo en 15 minutos;;;03-02-2025, 03:00
77132593;7B0734A0;Charger without communication;Connection Error;0;El cargador no inició la conexión por websocket;Vuelva a comprobarlo en 15 minutos;;;03-02-2025, 02:51
77131335;7B0734A0;Charger without communication;Connection Error;0;El cargador no inició la conexión por websocket;Vuelva a comprobarlo en 15 minutos;;;03-02-2025, 02:43
77130459;7B0734A0;Charger without communication;Connection Error;0;El cargador no inició la conexión por websocket;Vuelva a comprobarlo en 15 minutos;;;03-02-2025, 02:37
77129032;7B0734A0;Charger without communication;Connection Error;0;El cargador no inició la conexión por websocket;Vuelva a comprobarlo en 15 minutos;;;03-02-2025, 02:20
77127799;7B0734A0;Charger without communication;Connection Error;0;El cargador no inició la conexión por websocket;Vuelva a comprobarlo en 15 minutos;;;03-02-2025, 02:12
77126586;7B0734A0;Charger without communication;Connection Error;0;El cargador no inició la conexión por websocket;Vuelva a comprobarlo en 15 minutos;;;03-02-2025, 02:01
77125399;7B0734A0;Charger without communication;Connection Error;0;El cargador no inició la conexión por websocket;Vuelva a comprobarlo en 15 minutos;;;03-02-2025, 01:51
77123938;7B0734A0;Charger without communication;Connection Error;0;El cargador no inició la conexión por websocket;Vuelva a comprobarlo en 15 minutos;;;03-02-2025, 01:32
77122620;7B0734A0;Charger without communication;Connection Error;0;El cargador no inició la conexión por websocket;Vuelva a comprobarlo en 15 minutos;;;03-02-2025, 01:21
77121247;7B0734A0;Charger without communication;Connection Error;0;El cargador no inició la conexión por websocket;Vuelva a comprobarlo en 15 minutos;;;03-02-2025, 01:06
77119799;7B0734A0;Charger without communication;Connection Error;0;El cargador no inició la conexión por websocket;Vuelva a comprobarlo en 15 minutos;;;03-02-2025, 00:48
77118455;7B0734A0;Charger without communication;Connection Error;0;El cargador no inició la conexión por websocket;Vuelva a comprobarlo en 15 minutos;;;03-02-2025, 00:34
77117074;7B0734A0;Charger without communication;Connection Error;0;El cargador no inició la conexión por websocket;Vuelva a comprobarlo en 15 minutos;;;03-02-2025, 00:20
77115657;7B0734A0;Charger without communication;Connection Error;0;El cargador no inició la conexión por websocket;Vuelva a comprobarlo en 15 minutos;;;03-02-2025, 00:05
77114157;7B0734A0;Charger without communication;Connection Error;0;El cargador no inició la conexión por websocket;Vuelva a comprobarlo en 15 minutos;;;02-02-2025, 23:49
77112686;7B0734A0;Charger without communication;Connection Error;0;El cargador no inició la conexión por websocket;Vuelva a comprobarlo en 15 minutos;;;02-02-2025, 23:35
77111284;7B0734A0;Charger without communication;Connection Error;0;El cargador no inició la conexión por websocket;Vuelva a comprobarlo en 15 minutos;;;02-02-2025, 23:21
77109833;7B0734A0;Charger without communication;Connection Error;0;El cargador no inició la conexión por websocket;Vuelva a comprobarlo en 15 minutos;;;02-02-2025, 23:05
77108339;7B0734A0;Charger without communication;Connection Error;0;El cargador no inició la conexión por websocket;Vuelva a comprobarlo en 15 minutos;;;02-02-2025, 22:48
77106892;7B0734A0;Charger without communication;Connection Error;0;El cargador no inició la conexión por websocket;Vuelva a comprobarlo en 15 minutos;;;02-02-2025, 22:32
77105518;7B0734A0;Charger without communication;Connection Error;0;El cargador no inició la conexión por websocket;Vuelva a comprobarlo en 15 minutos;;;02-02-2025, 22:17
77104098;7B0734A0;Charger without communication;Connection Error;0;El cargador no inició la conexión por websocket;Vuelva a comprobarlo en 15 minutos;;;02-02-2025, 22:01
77102708;7B0734A0;Charger without communication;Connection Error;0;El cargador no inició la conexión por websocket;Vuelva a comprobarlo en 15 minutos;;;02-02-2025, 21:48
77101323;7B0734A0;Charger without communication;Connection Error;0;El cargador no inició la conexión por websocket;Vuelva a comprobarlo en 15 minutos;;;02-02-2025, 21:35
77098981;7B0734A0;Charger without communication;Connection Error;0;El cargador no inició la conexión por websocket;Vuelva a comprobarlo en 15 minutos;;;02-02-2025, 21:17
77097268;7B0734A0;Charger without communication;Connection Error;0;El cargador no inició la conexión por websocket;Vuelva a comprobarlo en 15 minutos;;;02-02-2025, 20:48
77095797;7B0734A0;Charger without communication;Connection Error;0;El cargador no inició la conexión por websocket;Vuelva a comprobarlo en 15 minutos;;;02-02-2025, 20:31
77094378;7B0734A0;Charger without communication;Connection Error;0;El cargador no inició la conexión por websocket;Vuelva a comprobarlo en 15 minutos;;;02-02-2025, 20:16
77093024;7B0734A0;Charger without communication;Connection Error;0;El cargador no inició la conexión por websocket;Vuelva a comprobarlo en 15 minutos;;;02-02-2025, 20:04
77091567;7B0734A0;Charger without communication;Connection Error;0;El cargador no inició la conexión por websocket;Vuelva a comprobarlo en 15 minutos;;;02-02-2025, 19:47
77090149;7B0734A0;Charger without communication;Connection Error;0;El cargador no inició la conexión por websocket;Vuelva a comprobarlo en 15 minutos;;;02-02-2025, 19:33
77088584;7B0734A0;Charger without communication;Connection Error;0;El cargador no inició la conexión por websocket;Vuelva a comprobarlo en 15 minutos;;;02-02-2025, 19:12
77087383;7B0734A0;Charger without communication;Connection Error;0;El cargador no inició la conexión por websocket;Vuelva a comprobarlo en 15 minutos;;;02-02-2025, 19:04
77085953;7B0734A0;Charger without communication;Connection Error;0;El cargador no inició la conexión por websocket;Vuelva a comprobarlo en 15 minutos;;;02-02-2025, 18:48
77084462;7B0734A0;Charger without communication;Connection Error;0;El cargador no inició la conexión por websocket;Vuelva a comprobarlo en 15 minutos;;;02-02-2025, 18:29
77083406;7B0734A0;Charger without communication;Connection Error;0;El cargador no inició la conexión por websocket;Vuelva a comprobarlo en 15 minutos;;;02-02-2025, 18:20
77082028;7B0734A0;Charger without communication;Connection Error;0;El cargador no inició la conexión por websocket;Vuelva a comprobarlo en 15 minutos;;;02-02-2025, 18:05
77080566;7B0734A0;Charger without communication;Connection Error;0;El cargador no inició la conexión por websocket;Vuelva a comprobarlo en 15 minutos;;;02-02-2025, 17:49
77079172;7B0734A0;Charger without communication;Connection Error;0;El cargador no inició la conexión por websocket;Vuelva a comprobarlo en 15 minutos;;;02-02-2025, 17:35
77077714;7B0734A0;Charger without communication;Connection Error;0;El cargador no inició la conexión por websocket;Vuelva a comprobarlo en 15 minutos;;;02-02-2025, 17:17
77076387;7B0734A0;Charger without communication;Connection Error;0;El cargador no inició la conexión por websocket;Vuelva a comprobarlo en 15 minutos;;;02-02-2025, 17:06
77074940;7B0734A0;Charger without communication;Connection Error;0;El cargador no inició la conexión por websocket;Vuelva a comprobarlo en 15 minutos;;;02-02-2025, 16:50
77073551;7B0734A0;Charger without communication;Connection Error;0;El cargador no inició la conexión por websocket;Vuelva a comprobarlo en 15 minutos;;;02-02-2025, 16:35
77072109;7B0734A0;Charger without communication;Connection Error;0;El cargador no inició la conexión por websocket;Vuelva a comprobarlo en 15 minutos;;;02-02-2025, 16:19
77070765;7B0734A0;Charger without communication;Connection Error;0;El cargador no inició la conexión por websocket;Vuelva a comprobarlo en 15 minutos;;;02-02-2025, 16:07
77069266;7B0734A0;Charger without communication;Connection Error;0;El cargador no inició la conexión por websocket;Vuelva a comprobarlo en 15 minutos;;;02-02-2025, 15:49
77067844;7B0734A0;Charger without communication;Connection Error;0;El cargador no inició la conexión por websocket;Vuelva a comprobarlo en 15 minutos;;;02-02-2025, 15:34
77066286;7B0734A0;Charger without communication;Connection Error;0;El cargador no inició la conexión por websocket;Vuelva a comprobarlo en 15 minutos;;;02-02-2025, 15:15
77064992;7B0734A0;Charger without communication;Connection Error;0;El cargador no inició la conexión por websocket;Vuelva a comprobarlo en 15 minutos;;;02-02-2025, 15:05
77063534;7B0734A0;Charger without communication;Connection Error;0;El cargador no inició la conexión por websocket;Vuelva a comprobarlo en 15 minutos;;;02-02-2025, 14:50
77062068;7B0734A0;Charger without communication;Connection Error;0;El cargador no inició la conexión por websocket;Vuelva a comprobarlo en 15 minutos;;;02-02-2025, 14:36
77060614;7B0734A0;Charger without communication;Connection Error;0;El cargador no inició la conexión por websocket;Vuelva a comprobarlo en 15 minutos;;;02-02-2025, 14:20
77059210;7B0734A0;Charger without communication;Connection Error;0;El cargador no inició la conexión por websocket;Vuelva a comprobarlo en 15 minutos;;;02-02-2025, 14:06
77057626;7B0734A0;Charger without communication;Connection Error;0;El cargador no inició la conexión por websocket;Vuelva a comprobarlo en 15 minutos;;;02-02-2025, 13:44
77056463;7B0734A0;Charger without communication;Connection Error;0;El cargador no inició la conexión por websocket;Vuelva a comprobarlo en 15 minutos;;;02-02-2025, 13:36
77055054;7B0734A0;Charger without communication;Connection Error;0;El cargador no inició la conexión por websocket;Vuelva a comprobarlo en 15 minutos;;;02-02-2025, 13:21
77053447;7B0734A0;Charger without communication;Connection Error;0;El cargador no inició la conexión por websocket;Vuelva a comprobarlo en 15 minutos;;;02-02-2025, 13:00
77052151;7B0734A0;Charger without communication;Connection Error;0;El cargador no inició la conexión por websocket;Vuelva a comprobarlo en 15 minutos;;;02-02-2025, 12:51
77050672;7B0734A0;Charger without communication;Connection Error;0;El cargador no inició la conexión por websocket;Vuelva a comprobarlo en 15 minutos;;;02-02-2025, 12:35
77047798;7B0734A0;Charger without communication;Connection Error;0;El cargador no inició la conexión por websocket;Vuelva a comprobarlo en 15 minutos;;;02-02-2025, 12:05
77046348;7B0734A0;Charger without communication;Connection Error;0;El cargador no inició la conexión por websocket;Vuelva a comprobarlo en 15 minutos;;;02-02-2025, 11:48
77045017;7B0734A0;Charger without communication;Connection Error;0;El cargador no inició la conexión por websocket;Vuelva a comprobarlo en 15 minutos;;;02-02-2025, 11:36
77043580;7B0734A0;Charger without communication;Connection Error;0;El cargador no inició la conexión por websocket;Vuelva a comprobarlo en 15 minutos;;;02-02-2025, 11:19
77042162;7B0734A0;Charger without communication;Connection Error;0;El cargador no inició la conexión por websocket;Vuelva a comprobarlo en 15 minutos;;;02-02-2025, 11:05
77040740;7B0734A0;Charger without communication;Connection Error;0;El cargador no inició la conexión por websocket;Vuelva a comprobarlo en 15 minutos;;;02-02-2025, 10:49
77039335;7B0734A0;Charger without communication;Connection Error;0;El cargador no inició la conexión por websocket;Vuelva a comprobarlo en 15 minutos;;;02-02-2025, 10:34
77037842;7B0734A0;Charger without communication;Connection Error;0;El cargador no inició la conexión por websocket;Vuelva a comprobarlo en 15 minutos;;;02-02-2025, 10:17
77036501;7B0734A0;Charger without communication;Connection Error;0;El cargador no inició la conexión por websocket;Vuelva a comprobarlo en 15 minutos;;;02-02-2025, 10:07
77034931;7B0734A0;Charger without communication;Connection Error;0;El cargador no inició la conexión por websocket;Vuelva a comprobarlo en 15 minutos;;;02-02-2025, 09:47
77033583;7B0734A0;Charger without communication;Connection Error;0;El cargador no inició la conexión por websocket;Vuelva a comprobarlo en 15 minutos;;;02-02-2025, 09:36
77032070;7B0734A0;Charger without communication;Connection Error;0;El cargador no inició la conexión por websocket;Vuelva a comprobarlo en 15 minutos;;;02-02-2025, 09:19
77030655;7B0734A0;Charger without communication;Connection Error;0;El cargador no inició la conexión por websocket;Vuelva a comprobarlo en 15 minutos;;;02-02-2025, 09:06
77029189;7B0734A0;Charger without communication;Connection Error;0;El cargador no inició la conexión por websocket;Vuelva a comprobarlo en 15 minutos;;;02-02-2025, 08:48
77027772;7B0734A0;Charger without communication;Connection Error;0;El cargador no inició la conexión por websocket;Vuelva a comprobarlo en 15 minutos;;;02-02-2025, 08:35
77026333;7B0734A0;Charger without communication;Connection Error;0;El cargador no inició la conexión por websocket;Vuelva a comprobarlo en 15 minutos;;;02-02-2025, 08:19
77024961;7B0734A0;Charger without communication;Connection Error;0;El cargador no inició la conexión por websocket;Vuelva a comprobarlo en 15 minutos;;;02-02-2025, 08:06
77023508;7B0734A0;Charger without communication;Connection Error;0;El cargador no inició la conexión por websocket;Vuelva a comprobarlo en 15 minutos;;;02-02-2025, 07:49
77022049;7B0734A0;Charger without communication;Connection Error;0;El cargador no inició la conexión por websocket;Vuelva a comprobarlo en 15 minutos;;;02-02-2025, 07:34
77020644;7B0734A0;Charger without communication;Connection Error;0;El cargador no inició la conexión por websocket;Vuelva a comprobarlo en 15 minutos;;;02-02-2025, 07:21
77019180;7B0734A0;Charger without communication;Connection Error;0;El cargador no inició la conexión por websocket;Vuelva a comprobarlo en 15 minutos;;;02-02-2025, 07:07
77017647;7B0734A0;Charger without communication;Connection Error;0;El cargador no inició la conexión por websocket;Vuelva a comprobarlo en 15 minutos;;;02-02-2025, 06:49
77016243;7B0734A0;Charger without communication;Connection Error;0;El cargador no inició la conexión por websocket;Vuelva a comprobarlo en 15 minutos;;;02-02-2025, 06:35
77014700;7B0734A0;Charger without communication;Connection Error;0;El cargador no inició la conexión por websocket;Vuelva a comprobarlo en 15 minutos;;;02-02-2025, 06:20
77013239;7B0734A0;Charger without communication;Connection Error;0;El cargador no inició la conexión por websocket;Vuelva a comprobarlo en 15 minutos;;;02-02-2025, 06:05
77011813;7B0734A0;Charger without communication;Connection Error;0;El cargador no inició la conexión por websocket;Vuelva a comprobarlo en 15 minutos;;;02-02-2025, 05:50
77010385;7B0734A0;Charger without communication;Connection Error;0;El cargador no inició la conexión por websocket;Vuelva a comprobarlo en 15 minutos;;;02-02-2025, 05:36
77008921;7B0734A0;Charger without communication;Connection Error;0;El cargador no inició la conexión por websocket;Vuelva a comprobarlo en 15 minutos;;;02-02-2025, 05:21
77007550;7B0734A0;Charger without communication;Connection Error;0;El cargador no inició la conexión por websocket;Vuelva a comprobarlo en 15 minutos;;;02-02-2025, 05:07
77006062;7B0734A0;Charger without communication;Connection Error;0;El cargador no inició la conexión por websocket;Vuelva a comprobarlo en 15 minutos;;;02-02-2025, 04:50
77004723;7B0734A0;Charger without communication;Connection Error;0;El cargador no inició la conexión por websocket;Vuelva a comprobarlo en 15 minutos;;;02-02-2025, 04:39
77003524;7B0734A0;Charger without communication;Connection Error;0;El cargador no inició la conexión por websocket;Vuelva a comprobarlo en 15 minutos;;;02-02-2025, 04:31
77002254;7B0734A0;Charger without communication;Connection Error;0;El cargador no inició la conexión por websocket;Vuelva a comprobarlo en 15 minutos;;;02-02-2025, 04:20
77000844;7B0734A0;Charger without communication;Connection Error;0;El cargador no inició la conexión por websocket;Vuelva a comprobarlo en 15 minutos;;;02-02-2025, 04:06
76999392;7B0734A0;Charger without communication;Connection Error;0;El cargador no inició la conexión por websocket;Vuelva a comprobarlo en 15 minutos;;;02-02-2025, 03:49
76997955;7B0734A0;Charger without communication;Connection Error;0;El cargador no inició la conexión por websocket;Vuelva a comprobarlo en 15 minutos;;;02-02-2025, 03:34
76996570;7B0734A0;Charger without communication;Connection Error;0;El cargador no inició la conexión por websocket;Vuelva a comprobarlo en 15 minutos;;;02-02-2025, 03:20
76995108;7B0734A0;Charger without communication;Connection Error;0;El cargador no inició la conexión por websocket;Vuelva a comprobarlo en 15 minutos;;;02-02-2025, 03:05
76993602;7B0734A0;Charger without communication;Connection Error;0;El cargador no inició la conexión por websocket;Vuelva a comprobarlo en 15 minutos;;;02-02-2025, 02:50
76992075;7B0734A0;Charger without communication;Connection Error;0;El cargador no inició la conexión por websocket;Vuelva a comprobarlo en 15 minutos;;;02-02-2025, 02:34
76990559;7B0734A0;Charger without communication;Connection Error;0;El cargador no inició la conexión por websocket;Vuelva a comprobarlo en 15 minutos;;;02-02-2025, 02:19
76989143;7B0734A0;Charger without communication;Connection Error;0;El cargador no inició la conexión por websocket;Vuelva a comprobarlo en 15 minutos;;;02-02-2025, 02:07
76987548;7B0734A0;Charger without communication;Connection Error;0;El cargador no inició la conexión por websocket;Vuelva a comprobarlo en 15 minutos;;;02-02-2025, 01:48
76986127;7B0734A0;Charger without communication;Connection Error;0;El cargador no inició la conexión por websocket;Vuelva a comprobarlo en 15 minutos;;;02-02-2025, 01:35
76984616;7B0734A0;Charger without communication;Connection Error;0;El cargador no inició la conexión por websocket;Vuelva a comprobarlo en 15 minutos;;;02-02-2025, 01:19
76983241;7B0734A0;Charger without communication;Connection Error;0;El cargador no inició la conexión por websocket;Vuelva a comprobarlo en 15 minutos;;;02-02-2025, 01:07
76981640;7B0734A0;Charger without communication;Connection Error;0;El cargador no inició la conexión por websocket;Vuelva a comprobarlo en 15 minutos;;;02-02-2025, 00:48
76980202;7B0734A0;Charger without communication;Connection Error;0;El cargador no inició la conexión por websocket;Vuelva a comprobarlo en 15 minutos;;;02-02-2025, 00:34
76978701;7B0734A0;Charger without communication;Connection Error;0;El cargador no inició la conexión por websocket;Vuelva a comprobarlo en 15 minutos;;;02-02-2025, 00:19
76977335;7B0734A0;Charger without communication;Connection Error;0;El cargador no inició la conexión por websocket;Vuelva a comprobarlo en 15 minutos;;;02-02-2025, 00:06
76975856;7B0734A0;Charger without communication;Connection Error;0;El cargador no inició la conexión por websocket;Vuelva a comprobarlo en 15 minutos;;;01-02-2025, 23:50
76974294;7B0734A0;Charger without communication;Connection Error;0;El cargador no inició la conexión por websocket;Vuelva a comprobarlo en 15 minutos;;;01-02-2025, 23:35
76972756;7B0734A0;Charger without communication;Connection Error;0;El cargador no inició la conexión por websocket;Vuelva a comprobarlo en 15 minutos;;;01-02-2025, 23:20
76971321;7B0734A0;Charger without communication;Connection Error;0;El cargador no inició la conexión por websocket;Vuelva a comprobarlo en 15 minutos;;;01-02-2025, 23:05
76969828;7B0734A0;Charger without communication;Connection Error;0;El cargador no inició la conexión por websocket;Vuelva a comprobarlo en 15 minutos;;;01-02-2025, 22:48
76966922;7B0734A0;Charger without communication;Connection Error;0;El cargador no inició la conexión por websocket;Vuelva a comprobarlo en 15 minutos;;;01-02-2025, 22:20
76965459;7B0734A0;Charger without communication;Connection Error;0;El cargador no inició la conexión por websocket;Vuelva a comprobarlo en 15 minutos;;;01-02-2025, 22:05
76963996;7B0734A0;Charger without communication;Connection Error;0;El cargador no inició la conexión por websocket;Vuelva a comprobarlo en 15 minutos;;;01-02-2025, 21:50
76962361;7B0734A0;Charger without communication;Connection Error;0;El cargador no inició la conexión por websocket;Vuelva a comprobarlo en 15 minutos;;;01-02-2025, 21:27
76960742;7B0734A0;Charger without communication;Connection Error;0;El cargador no inició la conexión por websocket;Vuelva a comprobarlo en 15 minutos;;;01-02-2025, 21:20
76958960;7B0734A0;Charger without communication;Connection Error;0;El cargador no inició la conexión por websocket;Vuelva a comprobarlo en 15 minutos;;;01-02-2025, 20:50
76957423;7B0734A0;Charger without communication;Connection Error;0;El cargador no inició la conexión por websocket;Vuelva a comprobarlo en 15 minutos;;;01-02-2025, 20:31
76956058;7B0734A0;Charger without communication;Connection Error;0;El cargador no inició la conexión por websocket;Vuelva a comprobarlo en 15 minutos;;;01-02-2025, 20:20
76954637;7B0734A0;Charger without communication;Connection Error;0;El cargador no inició la conexión por websocket;Vuelva a comprobarlo en 15 minutos;;;01-02-2025, 20:05
76953080;7B0734A0;Charger without communication;Connection Error;0;El cargador no inició la conexión por websocket;Vuelva a comprobarlo en 15 minutos;;;01-02-2025, 19:45
76951925;7B0734A0;Charger without communication;Connection Error;0;El cargador no inició la conexión por websocket;Vuelva a comprobarlo en 15 minutos;;;01-02-2025, 19:37
76950420;7B0734A0;Charger without communication;Connection Error;0;El cargador no inició la conexión por websocket;Vuelva a comprobarlo en 15 minutos;;;01-02-2025, 19:19
76948976;7B0734A0;Charger without communication;Connection Error;0;El cargador no inició la conexión por websocket;Vuelva a comprobarlo en 15 minutos;;;01-02-2025, 19:05
76947535;7B0734A0;Charger without communication;Connection Error;0;El cargador no inició la conexión por websocket;Vuelva a comprobarlo en 15 minutos;;;01-02-2025, 18:50
76946131;7B0734A0;Charger without communication;Connection Error;0;El cargador no inició la conexión por websocket;Vuelva a comprobarlo en 15 minutos;;;01-02-2025, 18:36
76944861;7B0734A0;Charger without communication;Connection Error;0;El cargador no inició la conexión por websocket;Vuelva a comprobarlo en 15 minutos;;;01-02-2025, 18:29
76943720;7B0734A0;Charger without communication;Connection Error;0;El cargador no inició la conexión por websocket;Vuelva a comprobarlo en 15 minutos;;;01-02-2025, 18:21
76942353;7B0734A0;Charger without communication;Connection Error;0;El cargador no inició la conexión por websocket;Vuelva a comprobarlo en 15 minutos;;;01-02-2025, 18:06
76940943;7B0734A0;Charger without communication;Connection Error;0;El cargador no inició la conexión por websocket;Vuelva a comprobarlo en 15 minutos;;;01-02-2025, 17:51
76939699;7B0734A0;Charger without communication;Connection Error;0;El cargador no inició la conexión por websocket;Vuelva a comprobarlo en 15 minutos;;;01-02-2025, 17:43
76938456;7B0734A0;Charger without communication;Connection Error;0;El cargador no inició la conexión por websocket;Vuelva a comprobarlo en 15 minutos;;;01-02-2025, 17:35
76937085;7B0734A0;Charger without communication;Connection Error;0;El cargador no inició la conexión por websocket;Vuelva a comprobarlo en 15 minutos;;;01-02-2025, 17:20
76935716;7B0734A0;Charger without communication;Connection Error;0;El cargador no inició la conexión por websocket;Vuelva a comprobarlo en 15 minutos;;;01-02-2025, 17:06
76934284;7B0734A0;Charger without communication;Connection Error;0;El cargador no inició la conexión por websocket;Vuelva a comprobarlo en 15 minutos;;;01-02-2025, 16:49
76932877;7B0734A0;Charger without communication;Connection Error;0;El cargador no inició la conexión por websocket;Vuelva a comprobarlo en 15 minutos;;;01-02-2025, 16:34
76931461;7B0734A0;Charger without communication;Connection Error;0;El cargador no inició la conexión por websocket;Vuelva a comprobarlo en 15 minutos;;;01-02-2025, 16:18
76930038;7B0734A0;Charger without communication;Connection Error;0;El cargador no inició la conexión por websocket;Vuelva a comprobarlo en 15 minutos;;;01-02-2025, 16:02
76928711;7B0734A0;Charger without communication;Connection Error;0;El cargador no inició la conexión por websocket;Vuelva a comprobarlo en 15 minutos;;;01-02-2025, 15:51
76927229;7B0734A0;Charger without communication;Connection Error;0;El cargador no inició la conexión por websocket;Vuelva a comprobarlo en 15 minutos;;;01-02-2025, 15:31
76926024;7B0734A0;Charger without communication;Connection Error;0;El cargador no inició la conexión por websocket;Vuelva a comprobarlo en 15 minutos;;;01-02-2025, 15:21
76924471;7B0734A0;Charger without communication;Connection Error;0;El cargador no inició la conexión por websocket;Vuelva a comprobarlo en 15 minutos;;;01-02-2025, 14:59
76923316;7B0734A0;Charger without communication;Connection Error;0;El cargador no inició la conexión por websocket;Vuelva a comprobarlo en 15 minutos;;;01-02-2025, 14:51
76921757;7B0734A0;Charger without communication;Connection Error;0;El cargador no inició la conexión por websocket;Vuelva a comprobarlo en 15 minutos;;;01-02-2025, 14:30
76920581;7B0734A0;Charger without communication;Connection Error;0;El cargador no inició la conexión por websocket;Vuelva a comprobarlo en 15 minutos;;;01-02-2025, 14:21
76919185;7B0734A0;Charger without communication;Connection Error;0;El cargador no inició la conexión por websocket;Vuelva a comprobarlo en 15 minutos;;;01-02-2025, 14:06
76917604;7B0734A0;Charger without communication;Connection Error;0;El cargador no inició la conexión por websocket;Vuelva a comprobarlo en 15 minutos;;;01-02-2025, 13:44
76916409;7B0734A0;Charger without communication;Connection Error;0;El cargador no inició la conexión por websocket;Vuelva a comprobarlo en 15 minutos;;;01-02-2025, 13:36
76914964;7B0734A0;Charger without communication;Connection Error;0;El cargador no inició la conexión por websocket;Vuelva a comprobarlo en 15 minutos;;;01-02-2025, 13:20
76913656;7B0734A0;Charger without communication;Connection Error;0;El cargador no inició la conexión por websocket;Vuelva a comprobarlo en 15 minutos;;;01-02-2025, 13:08
76912222;7B0734A0;Charger without communication;Connection Error;0;El cargador no inició la conexión por websocket;Vuelva a comprobarlo en 15 minutos;;;01-02-2025, 12:50
76910850;7B0734A0;Charger without communication;Connection Error;0;El cargador no inició la conexión por websocket;Vuelva a comprobarlo en 15 minutos;;;01-02-2025, 12:36
76909410;7B0734A0;Charger without communication;Connection Error;0;El cargador no inició la conexión por websocket;Vuelva a comprobarlo en 15 minutos;;;01-02-2025, 12:20
76908037;7B0734A0;Charger without communication;Connection Error;0;El cargador no inició la conexión por websocket;Vuelva a comprobarlo en 15 minutos;;;01-02-2025, 12:05
76906656;7B0734A0;Charger without communication;Connection Error;0;El cargador no inició la conexión por websocket;Vuelva a comprobarlo en 15 minutos;;;01-02-2025, 11:51
76905184;7B0734A0;Charger without communication;Connection Error;0;El cargador no inició la conexión por websocket;Vuelva a comprobarlo en 15 minutos;;;01-02-2025, 11:33
76903748;7B0734A0;Charger without communication;Connection Error;0;El cargador no inició la conexión por websocket;Vuelva a comprobarlo en 15 minutos;;;01-02-2025, 11:20
76902391;7B0734A0;Charger without communication;Connection Error;0;El cargador no inició la conexión por websocket;Vuelva a comprobarlo en 15 minutos;;;01-02-2025, 11:08
76900818;7B0734A0;Charger without communication;Connection Error;0;El cargador no inició la conexión por websocket;Vuelva a comprobarlo en 15 minutos;;;01-02-2025, 10:49
76898033;7B0734A0;Charger without communication;Connection Error;0;El cargador no inició la conexión por websocket;Vuelva a comprobarlo en 15 minutos;;;01-02-2025, 10:21
76896544;7B0734A0;Charger without communication;Connection Error;0;El cargador no inició la conexión por websocket;Vuelva a comprobarlo en 15 minutos;;;01-02-2025, 10:04
76895199;7B0734A0;Charger without communication;Connection Error;0;El cargador no inició la conexión por websocket;Vuelva a comprobarlo en 15 minutos;;;01-02-2025, 09:50
76893747;7B0734A0;Charger without communication;Connection Error;0;El cargador no inició la conexión por websocket;Vuelva a comprobarlo en 15 minutos;;;01-02-2025, 09:34
76892456;7B0734A0;Charger without communication;Connection Error;0;El cargador no inició la conexión por websocket;Vuelva a comprobarlo en 15 minutos;;;01-02-2025, 09:22
76891039;7B0734A0;Charger without communication;Connection Error;0;El cargador no inició la conexión por websocket;Vuelva a comprobarlo en 15 minutos;;;01-02-2025, 09:05
76889671;7B0734A0;Charger without communication;Connection Error;0;El cargador no inició la conexión por websocket;Vuelva a comprobarlo en 15 minutos;;;01-02-2025, 08:50
76888246;7B0734A0;Charger without communication;Connection Error;0;El cargador no inició la conexión por websocket;Vuelva a comprobarlo en 15 minutos;;;01-02-2025, 08:35
76886834;7B0734A0;Charger without communication;Connection Error;0;El cargador no inició la conexión por websocket;Vuelva a comprobarlo en 15 minutos;;;01-02-2025, 08:21
76885484;7B0734A0;Charger without communication;Connection Error;0;El cargador no inició la conexión por websocket;Vuelva a comprobarlo en 15 minutos;;;01-02-2025, 08:09
76883996;7B0734A0;Charger without communication;Connection Error;0;El cargador no inició la conexión por websocket;Vuelva a comprobarlo en 15 minutos;;;01-02-2025, 07:51
76882564;7B0734A0;Charger without communication;Connection Error;0;El cargador no inició la conexión por websocket;Vuelva a comprobarlo en 15 minutos;;;01-02-2025, 07:35
76881136;7B0734A0;Charger without communication;Connection Error;0;El cargador no inició la conexión por websocket;Vuelva a comprobarlo en 15 minutos;;;01-02-2025, 07:20
76879814;7B0734A0;Charger without communication;Connection Error;0;El cargador no inició la conexión por websocket;Vuelva a comprobarlo en 15 minutos;;;01-02-2025, 07:08
76878325;7B0734A0;Charger without communication;Connection Error;0;El cargador no inició la conexión por websocket;Vuelva a comprobarlo en 15 minutos;;;01-02-2025, 06:49
76876974;7B0734A0;Charger without communication;Connection Error;0;El cargador no inició la conexión por websocket;Vuelva a comprobarlo en 15 minutos;;;01-02-2025, 06:36
76875505;7B0734A0;Charger without communication;Connection Error;0;El cargador no inició la conexión por websocket;Vuelva a comprobarlo en 15 minutos;;;01-02-2025, 06:17
76874075;7B0734A0;Charger without communication;Connection Error;0;El cargador no inició la conexión por websocket;Vuelva a comprobarlo en 15 minutos;;;01-02-2025, 06:02
76872763;7B0734A0;Charger without communication;Connection Error;0;El cargador no inició la conexión por websocket;Vuelva a comprobarlo en 15 minutos;;;01-02-2025, 05:52
76871149;7B0734A0;Charger without communication;Connection Error;0;El cargador no inició la conexión por websocket;Vuelva a comprobarlo en 15 minutos;;;01-02-2025, 05:30
76869880;7B0734A0;Charger without communication;Connection Error;0;El cargador no inició la conexión por websocket;Vuelva a comprobarlo en 15 minutos;;;01-02-2025, 05:20
76868483;7B0734A0;Charger without communication;Connection Error;0;El cargador no inició la conexión por websocket;Vuelva a comprobarlo en 15 minutos;;;01-02-2025, 05:09
76867123;7B0734A0;Charger without communication;Connection Error;0;El cargador no inició la conexión por websocket;Vuelva a comprobarlo en 15 minutos;;;01-02-2025, 04:56
76865915;7B0734A0;Charger without communication;Connection Error;0;El cargador no inició la conexión por websocket;Vuelva a comprobarlo en 15 minutos;;;01-02-2025, 04:46
76864636;7B0734A0;Charger without communication;Connection Error;0;El cargador no inició la conexión por websocket;Vuelva a comprobarlo en 15 minutos;;;01-02-2025, 04:36
76863319;7B0734A0;Charger without communication;Connection Error;0;El cargador no inició la conexión por websocket;Vuelva a comprobarlo en 15 minutos;;;01-02-2025, 04:07
76861772;7B0734A0;Charger without communication;Connection Error;0;El cargador no inició la conexión por websocket;Vuelva a comprobarlo en 15 minutos;;;01-02-2025, 03:50
76860439;7B0734A0;Charger without communication;Connection Error;0;El cargador no inició la conexión por websocket;Vuelva a comprobarlo en 15 minutos;;;01-02-2025, 03:40
76858903;7B0734A0;Charger without communication;Connection Error;0;El cargador no inició la conexión por websocket;Vuelva a comprobarlo en 15 minutos;;;01-02-2025, 03:21
76857475;7B0734A0;Charger without communication;Connection Error;0;El cargador no inició la conexión por websocket;Vuelva a comprobarlo en 15 minutos;;;01-02-2025, 03:08
76855988;7B0734A0;Charger without communication;Connection Error;0;El cargador no inició la conexión por websocket;Vuelva a comprobarlo en 15 minutos;;;01-02-2025, 02:51
76854575;7B0734A0;Charger without communication;Connection Error;0;El cargador no inició la conexión por websocket;Vuelva a comprobarlo en 15 minutos;;;01-02-2025, 02:35
76853115;7B0734A0;Charger without communication;Connection Error;0;El cargador no inició la conexión por websocket;Vuelva a comprobarlo en 15 minutos;;;01-02-2025, 02:17
76851875;7B0734A0;Charger without communication;Connection Error;0;El cargador no inició la conexión por websocket;Vuelva a comprobarlo en 15 minutos;;;01-02-2025, 02:08
76850409;7B0734A0;Charger without communication;Connection Error;0;El cargador no inició la conexión por websocket;Vuelva a comprobarlo en 15 minutos;;;01-02-2025, 01:50
76848959;7B0734A0;Charger without communication;Connection Error;0;El cargador no inició la conexión por websocket;Vuelva a comprobarlo en 15 minutos;;;01-02-2025, 01:33
76847591;7B0734A0;Charger without communication;Connection Error;0;El cargador no inició la conexión por websocket;Vuelva a comprobarlo en 15 minutos;;;01-02-2025, 01:21
76846222;7B0734A0;Charger without communication;Connection Error;0;El cargador no inició la conexión por websocket;Vuelva a comprobarlo en 15 minutos;;;01-02-2025, 01:07
76844738;7B0734A0;Charger without communication;Connection Error;0;El cargador no inició la conexión por websocket;Vuelva a comprobarlo en 15 minutos;;;01-02-2025, 00:48
76843334;7B0734A0;Charger without communication;Connection Error;0;El cargador no inició la conexión por websocket;Vuelva a comprobarlo en 15 minutos;;;01-02-2025, 00:33
76841971;7B0734A0;Charger without communication;Connection Error;0;El cargador no inició la conexión por websocket;Vuelva a comprobarlo en 15 minutos;;;01-02-2025, 00:21
76840614;7B0734A0;Charger without communication;Connection Error;0;El cargador no inició la conexión por websocket;Vuelva a comprobarlo en 15 minutos;;;01-02-2025, 00:08
76839157;7B0734A0;Charger without communication;Connection Error;0;El cargador no inició la conexión por websocket;Vuelva a comprobarlo en 15 minutos;;;31-01-2025, 23:50
76837689;7B0734A0;Charger without communication;Connection Error;0;El cargador no inició la conexión por websocket;Vuelva a comprobarlo en 15 minutos;;;31-01-2025, 23:31
76836438;7B0734A0;Charger without communication;Connection Error;0;El cargador no inició la conexión por websocket;Vuelva a comprobarlo en 15 minutos;;;31-01-2025, 23:21
76835087;7B0734A0;Charger without communication;Connection Error;0;El cargador no inició la conexión por websocket;Vuelva a comprobarlo en 15 minutos;;;31-01-2025, 23:08
76833645;7B0734A0;Charger without communication;Connection Error;0;El cargador no inició la conexión por websocket;Vuelva a comprobarlo en 15 minutos;;;31-01-2025, 22:51
76832156;7B0734A0;Charger without communication;Connection Error;0;El cargador no inició la conexión por websocket;Vuelva a comprobarlo en 15 minutos;;;31-01-2025, 22:37
76830658;7B0734A0;Charger without communication;Connection Error;0;El cargador no inició la conexión por websocket;Vuelva a comprobarlo en 15 minutos;;;31-01-2025, 22:20
76829260;7B0734A0;Charger without communication;Connection Error;0;El cargador no inició la conexión por websocket;Vuelva a comprobarlo en 15 minutos;;;31-01-2025, 22:06
76827811;7B0734A0;Charger without communication;Connection Error;0;El cargador no inició la conexión por websocket;Vuelva a comprobarlo en 15 minutos;;;31-01-2025, 21:50
76826377;7B0734A0;Charger without communication;Connection Error;0;El cargador no inició la conexión por websocket;Vuelva a comprobarlo en 15 minutos;;;31-01-2025, 21:35
76825302;7B0734A0;Charger without communication;Connection Error;0;El cargador no inició la conexión por websocket;Vuelva a comprobarlo en 15 minutos;;;31-01-2025, 21:28
76824001;7B0734A0;Charger without communication;Connection Error;0;El cargador no inició la conexión por websocket;Vuelva a comprobarlo en 15 minutos;;;31-01-2025, 21:21
76822172;7B0734A0;Charger without communication;Connection Error;0;El cargador no inició la conexión por websocket;Vuelva a comprobarlo en 15 minutos;;;31-01-2025, 20:49
76820748;7B0734A0;Charger without communication;Connection Error;0;El cargador no inició la conexión por websocket;Vuelva a comprobarlo en 15 minutos;;;31-01-2025, 20:35
76819268;7B0734A0;Charger without communication;Connection Error;0;El cargador no inició la conexión por websocket;Vuelva a comprobarlo en 15 minutos;;;31-01-2025, 20:19
76817860;7B0734A0;Charger without communication;Connection Error;0;El cargador no inició la conexión por websocket;Vuelva a comprobarlo en 15 minutos;;;31-01-2025, 20:04
76816397;7B0734A0;Charger without communication;Connection Error;0;El cargador no inició la conexión por websocket;Vuelva a comprobarlo en 15 minutos;;;31-01-2025, 19:48
76815024;7B0734A0;Charger without communication;Connection Error;0;El cargador no inició la conexión por websocket;Vuelva a comprobarlo en 15 minutos;;;31-01-2025, 19:36
76813604;7B0734A0;Charger without communication;Connection Error;0;El cargador no inició la conexión por websocket;Vuelva a comprobarlo en 15 minutos;;;31-01-2025, 19:21
76812152;7B0734A0;Charger without communication;Connection Error;0;El cargador no inició la conexión por websocket;Vuelva a comprobarlo en 15 minutos;;;31-01-2025, 19:06
76810636;7B0734A0;Charger without communication;Connection Error;0;El cargador no inició la conexión por websocket;Vuelva a comprobarlo en 15 minutos;;;31-01-2025, 18:50
76807753;7B0734A0;Charger without communication;Connection Error;0;El cargador no inició la conexión por websocket;Vuelva a comprobarlo en 15 minutos;;;31-01-2025, 18:20
76806382;7B0734A0;Charger without communication;Connection Error;0;El cargador no inició la conexión por websocket;Vuelva a comprobarlo en 15 minutos;;;31-01-2025, 18:09
76804781;7B0734A0;Charger without communication;Connection Error;0;El cargador no inició la conexión por websocket;Vuelva a comprobarlo en 15 minutos;;;31-01-2025, 17:49
76803341;7B0734A0;Charger without communication;Connection Error;0;El cargador no inició la conexión por websocket;Vuelva a comprobarlo en 15 minutos;;;31-01-2025, 17:35
76801923;7B0734A0;Charger without communication;Connection Error;0;El cargador no inició la conexión por websocket;Vuelva a comprobarlo en 15 minutos;;;31-01-2025, 17:21
76800590;7B0734A0;Charger without communication;Connection Error;0;El cargador no inició la conexión por websocket;Vuelva a comprobarlo en 15 minutos;;;31-01-2025, 17:10
76799010;7B0734A0;Charger without communication;Connection Error;0;El cargador no inició la conexión por websocket;Vuelva a comprobarlo en 15 minutos;;;31-01-2025, 16:50
76780542;B46415CD;Charger without communication;Connection Error;0;El cargador no inició la conexión por websocket;Vuelva a comprobarlo en 15 minutos;;;31-01-2025, 13:35
76238669;A2D6FE57;Charger without communication;Connection Error;0;El cargador no inició la conexión por websocket;Vuelva a comprobarlo en 15 minutos;;;27-01-2025, 15:35
76237325;A2D6FE57;Charger without communication;Connection Error;0;El cargador no inició la conexión por websocket;Vuelva a comprobarlo en 15 minutos;;;27-01-2025, 15:20
76235998;A2D6FE57;Charger without communication;Connection Error;0;El cargador no inició la conexión por websocket;Vuelva a comprobarlo en 15 minutos;;;27-01-2025, 15:06
76234561;A2D6FE57;Charger without communication;Connection Error;0;El cargador no inició la conexión por websocket;Vuelva a comprobarlo en 15 minutos;;;27-01-2025, 14:48
76233240;A2D6FE57;Charger without communication;Connection Error;0;El cargador no inició la conexión por websocket;Vuelva a comprobarlo en 15 minutos;;;27-01-2025, 14:35
74736734;D7A39F47;Charger without communication;Connection Error;0;El cargador no inició la conexión por websocket;Vuelva a comprobarlo en 15 minutos;;;15-01-2025, 12:12
74735447;D7A39F47;Charger without communication;Connection Error;0;El cargador no inició la conexión por websocket;Vuelva a comprobarlo en 15 minutos;;;15-01-2025, 11:52
74732846;D7A39F47;Charger without communication;Connection Error;0;El cargador no inició la conexión por websocket;Vuelva a comprobarlo en 15 minutos;;;15-01-2025, 11:11
74732032;D7A39F47;Charger without communication;Connection Error;0;El cargador no inició la conexión por websocket;Vuelva a comprobarlo en 15 minutos;;;15-01-2025, 11:03
74731053;D7A39F47;Charger without communication;Connection Error;0;El cargador no inició la conexión por websocket;Vuelva a comprobarlo en 15 minutos;;;15-01-2025, 10:53
74728923;D7A39F47;Charger without communication;Connection Error;0;El cargador no inició la conexión por websocket;Vuelva a comprobarlo en 15 minutos;;;15-01-2025, 10:21
74727316;D7A39F47;Charger without communication;Connection Error;0;El cargador no inició la conexión por websocket;Vuelva a comprobarlo en 15 minutos;;;15-01-2025, 09:58
74726614;D7A39F47;Charger without communication;Connection Error;0;El cargador no inició la conexión por websocket;Vuelva a comprobarlo en 15 minutos;;;15-01-2025, 09:49
74725455;D7A39F47;Charger without communication;Connection Error;0;El cargador no inició la conexión por websocket;Vuelva a comprobarlo en 15 minutos;;;15-01-2025, 09:34
74724264;D7A39F47;Charger without communication;Connection Error;0;El cargador no inició la conexión por websocket;Vuelva a comprobarlo en 15 minutos;;;15-01-2025, 09:18
74722185;D7A39F47;Charger without communication;Connection Error;0;El cargador no inició la conexión por websocket;Vuelva a comprobarlo en 15 minutos;;;15-01-2025, 08:53
74721000;D7A39F47;Charger without communication;Connection Error;0;El cargador no inició la conexión por websocket;Vuelva a comprobarlo en 15 minutos;;;15-01-2025, 08:35
74719930;D7A39F47;Charger without communication;Connection Error;0;El cargador no inició la conexión por websocket;Vuelva a comprobarlo en 15 minutos;;;15-01-2025, 08:26
74718775;D7A39F47;Charger without communication;Connection Error;0;El cargador no inició la conexión por websocket;Vuelva a comprobarlo en 15 minutos;;;15-01-2025, 08:15
74717860;D7A39F47;Charger without communication;Connection Error;0;El cargador no inició la conexión por websocket;Vuelva a comprobarlo en 15 minutos;;;15-01-2025, 08:07
70632237;B46415CD;Charger without communication;Connection Error;0;El cargador no inició la conexión por websocket;Vuelva a comprobarlo en 15 minutos;;;12-12-2024, 02:16
70625627;B46415CD;Charger without communication;Connection Error;0;El cargador no inició la conexión por websocket;Vuelva a comprobarlo en 15 minutos;;;12-12-2024, 01:16
70622377;B46415CD;Charger without communication;Connection Error;0;El cargador no inició la conexión por websocket;Vuelva a comprobarlo en 15 minutos;;;12-12-2024, 00:47
70614244;B46415CD;Charger without communication;Connection Error;0;El cargador no inició la conexión por websocket;Vuelva a comprobarlo en 15 minutos;;;11-12-2024, 23:33
70612694;B46415CD;Charger without communication;Connection Error;0;El cargador no inició la conexión por websocket;Vuelva a comprobarlo en 15 minutos;;;11-12-2024, 23:17
70611073;B46415CD;Charger without communication;Connection Error;0;El cargador no inició la conexión por websocket;Vuelva a comprobarlo en 15 minutos;;;11-12-2024, 23:05
70605452;B46415CD;Charger without communication;Connection Error;0;El cargador no inició la conexión por websocket;Vuelva a comprobarlo en 15 minutos;;;11-12-2024, 22:17
70592610;B46415CD;Charger without communication;Connection Error;0;El cargador no inició la conexión por websocket;Vuelva a comprobarlo en 15 minutos;;;11-12-2024, 20:46
70590550;B46415CD;Charger without communication;Connection Error;0;El cargador no inició la conexión por websocket;Vuelva a comprobarlo en 15 minutos;;;11-12-2024, 20:33
70583906;B46415CD;Charger without communication;Connection Error;0;El cargador no inició la conexión por websocket;Vuelva a comprobarlo en 15 minutos;;;11-12-2024, 19:45
70581593;B46415CD;Charger without communication;Connection Error;0;El cargador no inició la conexión por websocket;Vuelva a comprobarlo en 15 minutos;;;11-12-2024, 19:32
70579453;B46415CD;Charger without communication;Connection Error;0;El cargador no inició la conexión por websocket;Vuelva a comprobarlo en 15 minutos;;;11-12-2024, 19:17
70570478;B46415CD;Charger without communication;Connection Error;0;El cargador no inició la conexión por websocket;Vuelva a comprobarlo en 15 minutos;;;11-12-2024, 18:16
70566376;B46415CD;Charger without communication;Connection Error;0;El cargador no inició la conexión por websocket;Vuelva a comprobarlo en 15 minutos;;;11-12-2024, 17:46
70557811;B46415CD;Charger without communication;Connection Error;0;El cargador no inició la conexión por websocket;Vuelva a comprobarlo en 15 minutos;;;11-12-2024, 16:46
70555829;B46415CD;Charger without communication;Connection Error;0;El cargador no inició la conexión por websocket;Vuelva a comprobarlo en 15 minutos;;;11-12-2024, 16:33
69682098;B46415CD;Charger without communication;Connection Error;0;El cargador no inició la conexión por websocket;Vuelva a comprobarlo en 15 minutos;;;05-12-2024, 06:46
69680685;B46415CD;Charger without communication;Connection Error;0;El cargador no inició la conexión por websocket;Vuelva a comprobarlo en 15 minutos;;;05-12-2024, 06:31
69679227;B46415CD;Charger without communication;Connection Error;0;El cargador no inició la conexión por websocket;Vuelva a comprobarlo en 15 minutos;;;05-12-2024, 06:16
69677810;B46415CD;Charger without communication;Connection Error;0;El cargador no inició la conexión por websocket;Vuelva a comprobarlo en 15 minutos;;;05-12-2024, 06:02
69676388;B46415CD;Charger without communication;Connection Error;0;El cargador no inició la conexión por websocket;Vuelva a comprobarlo en 15 minutos;;;05-12-2024, 05:46
69674918;B46415CD;Charger without communication;Connection Error;0;El cargador no inició la conexión por websocket;Vuelva a comprobarlo en 15 minutos;;;05-12-2024, 05:31
69673421;B46415CD;Charger without communication;Connection Error;0;El cargador no inició la conexión por websocket;Vuelva a comprobarlo en 15 minutos;;;05-12-2024, 05:14
69671982;B46415CD;Charger without communication;Connection Error;0;El cargador no inició la conexión por websocket;Vuelva a comprobarlo en 15 minutos;;;05-12-2024, 05:03
69670495;B46415CD;Charger without communication;Connection Error;0;El cargador no inició la conexión por websocket;Vuelva a comprobarlo en 15 minutos;;;05-12-2024, 04:45
69669074;B46415CD;Charger without communication;Connection Error;0;El cargador no inició la conexión por websocket;Vuelva a comprobarlo en 15 minutos;;;05-12-2024, 04:33
69667608;B46415CD;Charger without communication;Connection Error;0;El cargador no inició la conexión por websocket;Vuelva a comprobarlo en 15 minutos;;;05-12-2024, 04:16
69666154;B46415CD;Charger without communication;Connection Error;0;El cargador no inició la conexión por websocket;Vuelva a comprobarlo en 15 minutos;;;05-12-2024, 04:00
69664678;B46415CD;Charger without communication;Connection Error;0;El cargador no inició la conexión por websocket;Vuelva a comprobarlo en 15 minutos;;;05-12-2024, 03:47
69663164;B46415CD;Charger without communication;Connection Error;0;El cargador no inició la conexión por websocket;Vuelva a comprobarlo en 15 minutos;;;05-12-2024, 03:31
69661684;B46415CD;Charger without communication;Connection Error;0;El cargador no inició la conexión por websocket;Vuelva a comprobarlo en 15 minutos;;;05-12-2024, 03:16
69660214;B46415CD;Charger without communication;Connection Error;0;El cargador no inició la conexión por websocket;Vuelva a comprobarlo en 15 minutos;;;05-12-2024, 03:03
69658733;B46415CD;Charger without communication;Connection Error;0;El cargador no inició la conexión por websocket;Vuelva a comprobarlo en 15 minutos;;;05-12-2024, 02:46
69657277;B46415CD;Charger without communication;Connection Error;0;El cargador no inició la conexión por websocket;Vuelva a comprobarlo en 15 minutos;;;05-12-2024, 02:32
69655808;B46415CD;Charger without communication;Connection Error;0;El cargador no inició la conexión por websocket;Vuelva a comprobarlo en 15 minutos;;;05-12-2024, 02:16
69654377;B46415CD;Charger without communication;Connection Error;0;El cargador no inició la conexión por websocket;Vuelva a comprobarlo en 15 minutos;;;05-12-2024, 02:03
69652911;B46415CD;Charger without communication;Connection Error;0;El cargador no inició la conexión por websocket;Vuelva a comprobarlo en 15 minutos;;;05-12-2024, 01:46
69651474;B46415CD;Charger without communication;Connection Error;0;El cargador no inició la conexión por websocket;Vuelva a comprobarlo en 15 minutos;;;05-12-2024, 01:31
69649994;B46415CD;Charger without communication;Connection Error;0;El cargador no inició la conexión por websocket;Vuelva a comprobarlo en 15 minutos;;;05-12-2024, 01:15
69648544;B46415CD;Charger without communication;Connection Error;0;El cargador no inició la conexión por websocket;Vuelva a comprobarlo en 15 minutos;;;05-12-2024, 01:03
69647093;B46415CD;Charger without communication;Connection Error;0;El cargador no inició la conexión por websocket;Vuelva a comprobarlo en 15 minutos;;;05-12-2024, 00:46
69645646;B46415CD;Charger without communication;Connection Error;0;El cargador no inició la conexión por websocket;Vuelva a comprobarlo en 15 minutos;;;05-12-2024, 00:32
69644190;B46415CD;Charger without communication;Connection Error;0;El cargador no inició la conexión por websocket;Vuelva a comprobarlo en 15 minutos;;;05-12-2024, 00:16
69642745;B46415CD;Charger without communication;Connection Error;0;El cargador no inició la conexión por websocket;Vuelva a comprobarlo en 15 minutos;;;05-12-2024, 00:01
69641266;B46415CD;Charger without communication;Connection Error;0;El cargador no inició la conexión por websocket;Vuelva a comprobarlo en 15 minutos;;;04-12-2024, 23:46
69639809;B46415CD;Charger without communication;Connection Error;0;El cargador no inició la conexión por websocket;Vuelva a comprobarlo en 15 minutos;;;04-12-2024, 23:29
69638362;B46415CD;Charger without communication;Connection Error;0;El cargador no inició la conexión por websocket;Vuelva a comprobarlo en 15 minutos;;;04-12-2024, 23:16
69636915;B46415CD;Charger without communication;Connection Error;0;El cargador no inició la conexión por websocket;Vuelva a comprobarlo en 15 minutos;;;04-12-2024, 23:02
69635476;B46415CD;Charger without communication;Connection Error;0;El cargador no inició la conexión por websocket;Vuelva a comprobarlo en 15 minutos;;;04-12-2024, 22:45
69634019;B46415CD;Charger without communication;Connection Error;0;El cargador no inició la conexión por websocket;Vuelva a comprobarlo en 15 minutos;;;04-12-2024, 22:30
69632545;B46415CD;Charger without communication;Connection Error;0;El cargador no inició la conexión por websocket;Vuelva a comprobarlo en 15 minutos;;;04-12-2024, 22:15
69631087;B46415CD;Charger without communication;Connection Error;0;El cargador no inició la conexión por websocket;Vuelva a comprobarlo en 15 minutos;;;04-12-2024, 21:59
69629664;B46415CD;Charger without communication;Connection Error;0;El cargador no inició la conexión por websocket;Vuelva a comprobarlo en 15 minutos;;;04-12-2024, 21:45
69628232;B46415CD;Charger without communication;Connection Error;0;El cargador no inició la conexión por websocket;Vuelva a comprobarlo en 15 minutos;;;04-12-2024, 21:29
69626774;B46415CD;Charger without communication;Connection Error;0;El cargador no inició la conexión por websocket;Vuelva a comprobarlo en 15 minutos;;;04-12-2024, 21:16
69625324;B46415CD;Charger without communication;Connection Error;0;El cargador no inició la conexión por websocket;Vuelva a comprobarlo en 15 minutos;;;04-12-2024, 21:04
69623871;B46415CD;Charger without communication;Connection Error;0;El cargador no inició la conexión por websocket;Vuelva a comprobarlo en 15 minutos;;;04-12-2024, 20:46
69622426;B46415CD;Charger without communication;Connection Error;0;El cargador no inició la conexión por websocket;Vuelva a comprobarlo en 15 minutos;;;04-12-2024, 20:29
69620974;B46415CD;Charger without communication;Connection Error;0;El cargador no inició la conexión por websocket;Vuelva a comprobarlo en 15 minutos;;;04-12-2024, 20:16
69619501;B46415CD;Charger without communication;Connection Error;0;El cargador no inició la conexión por websocket;Vuelva a comprobarlo en 15 minutos;;;04-12-2024, 20:00
69618051;B46415CD;Charger without communication;Connection Error;0;El cargador no inició la conexión por websocket;Vuelva a comprobarlo en 15 minutos;;;04-12-2024, 19:46
69616589;B46415CD;Charger without communication;Connection Error;0;El cargador no inició la conexión por websocket;Vuelva a comprobarlo en 15 minutos;;;04-12-2024, 19:32
69615148;B46415CD;Charger without communication;Connection Error;0;El cargador no inició la conexión por websocket;Vuelva a comprobarlo en 15 minutos;;;04-12-2024, 19:15
69613732;B46415CD;Charger without communication;Connection Error;0;El cargador no inició la conexión por websocket;Vuelva a comprobarlo en 15 minutos;;;04-12-2024, 19:02
69612268;B46415CD;Charger without communication;Connection Error;0;El cargador no inició la conexión por websocket;Vuelva a comprobarlo en 15 minutos;;;04-12-2024, 18:46
69610805;B46415CD;Charger without communication;Connection Error;0;El cargador no inició la conexión por websocket;Vuelva a comprobarlo en 15 minutos;;;04-12-2024, 18:32
69609355;B46415CD;Charger without communication;Connection Error;0;El cargador no inició la conexión por websocket;Vuelva a comprobarlo en 15 minutos;;;04-12-2024, 18:16
69607918;B46415CD;Charger without communication;Connection Error;0;El cargador no inició la conexión por websocket;Vuelva a comprobarlo en 15 minutos;;;04-12-2024, 18:02
69606456;B46415CD;Charger without communication;Connection Error;0;El cargador no inició la conexión por websocket;Vuelva a comprobarlo en 15 minutos;;;04-12-2024, 17:46
69605022;B46415CD;Charger without communication;Connection Error;0;El cargador no inició la conexión por websocket;Vuelva a comprobarlo en 15 minutos;;;04-12-2024, 17:31
69603564;B46415CD;Charger without communication;Connection Error;0;El cargador no inició la conexión por websocket;Vuelva a comprobarlo en 15 minutos;;;04-12-2024, 17:15
69602116;B46415CD;Charger without communication;Connection Error;0;El cargador no inició la conexión por websocket;Vuelva a comprobarlo en 15 minutos;;;04-12-2024, 17:01
69600666;B46415CD;Charger without communication;Connection Error;0;El cargador no inició la conexión por websocket;Vuelva a comprobarlo en 15 minutos;;;04-12-2024, 16:47
69599220;B46415CD;Charger without communication;Connection Error;0;El cargador no inició la conexión por websocket;Vuelva a comprobarlo en 15 minutos;;;04-12-2024, 16:32
69597774;B46415CD;Charger without communication;Connection Error;0;El cargador no inició la conexión por websocket;Vuelva a comprobarlo en 15 minutos;;;04-12-2024, 16:17
68760603;1EB318F9;Charger without communication;Connection Error;0;El cargador no inició la conexión por websocket;Vuelva a comprobarlo en 15 minutos;;;27-11-2024, 02:59
67688632;B46415CD;Charger without communication;Connection Error;0;El cargador no inició la conexión por websocket;Vuelva a comprobarlo en 15 minutos;;;15-11-2024, 10:48
65865637;B3C731F2;Charger without communication;Connection Error;0;El cargador no inició la conexión por websocket;Vuelva a comprobarlo en 15 minutos;;;30-10-2024, 06:15
62741563;;Charger without communication;Connection Error;0;El cargador no inició la conexión por websocket;Vuelva a comprobarlo en 15 minutos;;;27-09-2024, 04:16
61496574;;Charger without communication;Connection Error;0;El cargador no inició la conexión por websocket;Vuelva a comprobarlo en 15 minutos;;;14-09-2024, 11:29
60699182;;Charger without communication;Connection Error;0;El cargador no inició la conexión por websocket;Vuelva a comprobarlo en 15 minutos;;;06-09-2024, 12:04
59996839;;Charger without communication;Connection Error;0;El cargador no inició la conexión por websocket;Vuelva a comprobarlo en 15 minutos;;;30-08-2024, 12:18
59985125;;Charger without communication;Connection Error;0;El cargador no inició la conexión por websocket;Vuelva a comprobarlo en 15 minutos;;;30-08-2024, 10:45
58113560;;Charger without communication;Connection Error;0;El cargador no inició la conexión por websocket;Vuelva a comprobarlo en 15 minutos;;;09-08-2024, 09:37
57042857;;Charger without communication;Connection Error;0;El cargador no inició la conexión por websocket;Vuelva a comprobarlo en 15 minutos;;;27-07-2024, 11:12
56251873;;Charger without communication;Connection Error;0;El cargador no inició la conexión por websocket;Vuelva a comprobarlo en 15 minutos;;;17-07-2024, 15:48
56250106;;Charger without communication;Connection Error;0;El cargador no inició la conexión por websocket;Vuelva a comprobarlo en 15 minutos;;;17-07-2024, 14:52
56248583;;Charger without communication;Connection Error;0;El cargador no inició la conexión por websocket;Vuelva a comprobarlo en 15 minutos;;;17-07-2024, 14:36
56247063;;Charger without communication;Connection Error;0;El cargador no inició la conexión por websocket;Vuelva a comprobarlo en 15 minutos;;;17-07-2024, 14:20
56245530;;Charger without communication;Connection Error;0;El cargador no inició la conexión por websocket;Vuelva a comprobarlo en 15 minutos;;;17-07-2024, 14:03
56244071;;Charger without communication;Connection Error;0;El cargador no inició la conexión por websocket;Vuelva a comprobarlo en 15 minutos;;;17-07-2024, 13:52
56242572;;Charger without communication;Connection Error;0;El cargador no inició la conexión por websocket;Vuelva a comprobarlo en 15 minutos;;;17-07-2024, 13:38
56240572;;Charger without communication;Connection Error;0;El cargador no inició la conexión por websocket;Vuelva a comprobarlo en 15 minutos;;;17-07-2024, 12:33
56239020;;Charger without communication;Connection Error;0;El cargador no inició la conexión por websocket;Vuelva a comprobarlo en 15 minutos;;;17-07-2024, 12:23
56236400;;Charger without communication;Connection Error;0;El cargador no inició la conexión por websocket;Vuelva a comprobarlo en 15 minutos;;;17-07-2024, 10:38
56234873;;Charger without communication;Connection Error;0;El cargador no inició la conexión por websocket;Vuelva a comprobarlo en 15 minutos;;;17-07-2024, 10:26
55912614;;Charger without communication;Connection Error;0;El cargador no inició la conexión por websocket;Vuelva a comprobarlo en 15 minutos;;;12-07-2024, 02:07
55722014;;Charger without communication;Connection Error;0;El cargador no inició la conexión por websocket;Vuelva a comprobarlo en 15 minutos;;;08-07-2024, 16:32
55720549;;Charger without communication;Connection Error;0;El cargador no inició la conexión por websocket;Vuelva a comprobarlo en 15 minutos;;;08-07-2024, 16:20
55719046;;Charger without communication;Connection Error;0;El cargador no inició la conexión por websocket;Vuelva a comprobarlo en 15 minutos;;;08-07-2024, 16:02
55717579;;Charger without communication;Connection Error;0;El cargador no inició la conexión por websocket;Vuelva a comprobarlo en 15 minutos;;;08-07-2024, 15:51
55716090;;Charger without communication;Connection Error;0;El cargador no inició la conexión por websocket;Vuelva a comprobarlo en 15 minutos;;;08-07-2024, 15:35
55714594;;Charger without communication;Connection Error;0;El cargador no inició la conexión por websocket;Vuelva a comprobarlo en 15 minutos;;;08-07-2024, 15:19
55713130;;Charger without communication;Connection Error;0;El cargador no inició la conexión por websocket;Vuelva a comprobarlo en 15 minutos;;;08-07-2024, 15:06
55711606;;Charger without communication;Connection Error;0;El cargador no inició la conexión por websocket;Vuelva a comprobarlo en 15 minutos;;;08-07-2024, 14:50
55710138;;Charger without communication;Connection Error;0;El cargador no inició la conexión por websocket;Vuelva a comprobarlo en 15 minutos;;;08-07-2024, 14:35
55454227;;Charger without communication;Connection Error;0;El cargador no inició la conexión por websocket;Vuelva a comprobarlo en 15 minutos;;;03-07-2024, 18:52
55452786;;Charger without communication;Connection Error;0;El cargador no inició la conexión por websocket;Vuelva a comprobarlo en 15 minutos;;;03-07-2024, 18:33
55451388;;Charger without communication;Connection Error;0;El cargador no inició la conexión por websocket;Vuelva a comprobarlo en 15 minutos;;;03-07-2024, 18:19
55449977;;Charger without communication;Connection Error;0;El cargador no inició la conexión por websocket;Vuelva a comprobarlo en 15 minutos;;;03-07-2024, 18:04
55447995;;Charger without communication;Connection Error;0;El cargador no inició la conexión por websocket;Vuelva a comprobarlo en 15 minutos;;;03-07-2024, 17:03
55446298;;Charger without communication;Connection Error;0;El cargador no inició la conexión por websocket;Vuelva a comprobarlo en 15 minutos;;;03-07-2024, 16:07
